client_id;order_date;order_price
61;25.01.2016;164,33
154;25.01.2016;168,12
504;25.01.2016;178,21
1137;25.01.2016;81,68
2851;25.01.2016;167,95
3325;25.01.2016;91,13
3500;25.01.2016;50,12
3793;25.01.2016;155,32
3844;25.01.2016;173,36
3889;25.01.2016;144,09
4272;25.01.2016;133,51
5097;25.01.2016;132,93
5316;25.01.2016;50,26
5415;25.01.2016;168,93
5454;25.01.2016;81,03
5693;25.01.2016;48
5909;25.01.2016;35,43
5923;25.01.2016;156,38
5931;25.01.2016;87,52
5991;25.01.2016;102,78
6218;25.01.2016;66,13
6608;25.01.2016;52,12
7080;25.01.2016;154,03
7528;25.01.2016;106,09
7644;25.01.2016;172,78
7939;25.01.2016;115,42
8788;25.01.2016;90,9
9976;25.01.2016;75,73
9998;25.01.2016;48,35
7;26.01.2016;115,07
46;26.01.2016;37,35
213;26.01.2016;90,05
260;26.01.2016;78,19
767;26.01.2016;149,69
843;26.01.2016;88,6
1222;26.01.2016;163,82
1326;26.01.2016;102,77
1530;26.01.2016;145,83
1567;26.01.2016;124,66
1719;26.01.2016;154,07
2668;26.01.2016;49,47
2876;26.01.2016;47,9
3202;26.01.2016;124,16
3579;26.01.2016;55,81
4116;26.01.2016;113,24
4238;26.01.2016;123,64
5154;26.01.2016;82,09
5324;26.01.2016;139,65
6535;26.01.2016;68,27
8859;26.01.2016;133,83
9607;26.01.2016;101,51
9609;26.01.2016;90,42
9814;26.01.2016;146
766;27.01.2016;62,16
1188;27.01.2016;135,18
1518;27.01.2016;168,15
2083;27.01.2016;38,76
2358;27.01.2016;179,5
2732;27.01.2016;52,86
3043;27.01.2016;165,48
3290;27.01.2016;86,96
3900;27.01.2016;65,67
3933;27.01.2016;136,03
4012;27.01.2016;112,12
4044;27.01.2016;112,51
4076;27.01.2016;106,67
4217;27.01.2016;115,74
4506;27.01.2016;48,92
4782;27.01.2016;97,7
5104;27.01.2016;90,76
5432;27.01.2016;120,86
5521;27.01.2016;134,54
5731;27.01.2016;32,98
5860;27.01.2016;117,89
6516;27.01.2016;106,3
6552;27.01.2016;163,96
6712;27.01.2016;73,27
6819;27.01.2016;85,57
8112;27.01.2016;61,71
8305;27.01.2016;57,95
8471;27.01.2016;133,69
8513;27.01.2016;108,54
8766;27.01.2016;32,86
8996;27.01.2016;152,01
9017;27.01.2016;131,6
124;28.01.2016;65,28
258;28.01.2016;152,97
368;28.01.2016;94,28
411;28.01.2016;107,86
492;28.01.2016;133,14
1281;28.01.2016;166,65
1790;28.01.2016;158,13
2211;28.01.2016;101,14
2239;28.01.2016;33,64
3237;28.01.2016;97,68
3872;28.01.2016;139,7
3962;28.01.2016;170,81
4105;28.01.2016;96,99
6115;28.01.2016;125,12
6834;28.01.2016;148,39
6979;28.01.2016;31,86
7442;28.01.2016;107,44
7509;28.01.2016;117,85
7630;28.01.2016;117,02
7862;28.01.2016;69,53
8215;28.01.2016;105,57
8262;28.01.2016;106,42
8500;28.01.2016;129,72
9198;28.01.2016;160,01
9265;28.01.2016;121,77
9269;28.01.2016;160,27
9774;28.01.2016;175,7
6;29.01.2016;144,74
82;29.01.2016;114,87
129;29.01.2016;138,35
725;29.01.2016;90,27
857;29.01.2016;92,45
1630;29.01.2016;61,32
1645;29.01.2016;172,88
1854;29.01.2016;31,73
1974;29.01.2016;142,63
2454;29.01.2016;42,32
2520;29.01.2016;58,89
2759;29.01.2016;180,59
3233;29.01.2016;149,67
3744;29.01.2016;73,09
4733;29.01.2016;175,29
4759;29.01.2016;154
4893;29.01.2016;126,42
5163;29.01.2016;131,06
5298;29.01.2016;36,25
5320;29.01.2016;173,49
6173;29.01.2016;125,91
6935;29.01.2016;114,63
7308;29.01.2016;172,51
7407;29.01.2016;64,39
7992;29.01.2016;166,63
8706;29.01.2016;79,35
9096;29.01.2016;70,41
9112;29.01.2016;110,73
704;30.01.2016;180,88
966;30.01.2016;114,02
1104;30.01.2016;177,77
1587;30.01.2016;49,4
1716;30.01.2016;154,32
1907;30.01.2016;89,4
1980;30.01.2016;158,69
2294;30.01.2016;71,68
2481;30.01.2016;181,26
3255;30.01.2016;138,07
3391;30.01.2016;79,03
4400;30.01.2016;178,21
5875;30.01.2016;143,06
6744;30.01.2016;164,34
7770;30.01.2016;176,46
7777;30.01.2016;74,98
8035;30.01.2016;136,84
8313;30.01.2016;71,24
9562;30.01.2016;153,49
9625;30.01.2016;71,14
9664;30.01.2016;143,26
9863;30.01.2016;66,98
7;31.01.2016;65,44
1834;31.01.2016;102,79
2050;31.01.2016;176,73
2137;31.01.2016;158,41
2538;31.01.2016;142,62
3099;31.01.2016;106,11
3322;31.01.2016;56,68
3328;31.01.2016;91,25
3334;31.01.2016;62,51
3652;31.01.2016;33,87
3772;31.01.2016;58
3797;31.01.2016;111,67
4249;31.01.2016;132,24
4282;31.01.2016;156,55
4572;31.01.2016;90,44
4919;31.01.2016;108,23
5725;31.01.2016;103,87
6210;31.01.2016;158,5
6485;31.01.2016;125,64
6532;31.01.2016;180,66
7167;31.01.2016;126,18
7239;31.01.2016;166,54
7326;31.01.2016;165,88
7502;31.01.2016;157,6
7573;31.01.2016;33,77
7846;31.01.2016;121,07
8760;31.01.2016;178,17
9031;31.01.2016;91,01
9988;31.01.2016;101,11
538;01.02.2016;52,09
589;01.02.2016;96,23
658;01.02.2016;93,04
1085;01.02.2016;136,68
1735;01.02.2016;126,26
2328;01.02.2016;175,61
2360;01.02.2016;44,27
2465;01.02.2016;173,87
3567;01.02.2016;170,22
3889;01.02.2016;116,69
4111;01.02.2016;101,45
4196;01.02.2016;81,85
4474;01.02.2016;72,92
5224;01.02.2016;136,71
5994;01.02.2016;81,79
6286;01.02.2016;170,1
6520;01.02.2016;82,51
7245;01.02.2016;78,96
7751;01.02.2016;56,02
7797;01.02.2016;76,9
8063;01.02.2016;57,9
8116;01.02.2016;90,37
8463;01.02.2016;140,47
8623;01.02.2016;156,08
9072;01.02.2016;127,96
9305;01.02.2016;48,29
9800;01.02.2016;177,96
434;02.02.2016;51,2
1914;02.02.2016;153,23
2069;02.02.2016;130,87
2414;02.02.2016;145,39
2843;02.02.2016;31,95
3233;02.02.2016;41,97
3288;02.02.2016;41,96
3793;02.02.2016;88,79
4254;02.02.2016;66,07
4332;02.02.2016;164,55
4357;02.02.2016;85,38
4540;02.02.2016;110,62
4957;02.02.2016;69,12
5009;02.02.2016;144,22
5532;02.02.2016;166,17
5835;02.02.2016;107,9
6265;02.02.2016;172,5
6530;02.02.2016;72,72
6586;02.02.2016;64,43
7283;02.02.2016;101,12
7421;02.02.2016;93,36
7842;02.02.2016;174,44
8293;02.02.2016;174,61
8332;02.02.2016;36,55
8360;02.02.2016;39,03
8890;02.02.2016;133,5
9566;02.02.2016;131,19
9769;02.02.2016;117,05
116;03.02.2016;53,03
302;03.02.2016;107,44
857;03.02.2016;123,3
1307;03.02.2016;99,75
1447;03.02.2016;34,99
1714;03.02.2016;112,15
1815;03.02.2016;73,91
2374;03.02.2016;85,3
3126;03.02.2016;42,34
3184;03.02.2016;91,64
3196;03.02.2016;137,24
3246;03.02.2016;149,27
3645;03.02.2016;81,55
3755;03.02.2016;155,84
3845;03.02.2016;60,01
3938;03.02.2016;72,93
4271;03.02.2016;137,82
4703;03.02.2016;36,7
4722;03.02.2016;95,76
6155;03.02.2016;77,4
6751;03.02.2016;77,47
7436;03.02.2016;113,62
7949;03.02.2016;92,21
8116;03.02.2016;166,29
9226;03.02.2016;99,56
61;04.02.2016;82,45
565;04.02.2016;95,86
2922;04.02.2016;104,53
3692;04.02.2016;106,36
4735;04.02.2016;133,82
4953;04.02.2016;173,03
5380;04.02.2016;113,97
5605;04.02.2016;124,46
5618;04.02.2016;106,15
6235;04.02.2016;87,05
6590;04.02.2016;139,63
6715;04.02.2016;152,62
7467;04.02.2016;137,19
7499;04.02.2016;152,93
7912;04.02.2016;89,02
8027;04.02.2016;147,07
8321;04.02.2016;162,04
8601;04.02.2016;42,8
9149;04.02.2016;61,56
9451;04.02.2016;110,83
9588;04.02.2016;156,01
17;05.02.2016;90,58
28;05.02.2016;157,34
82;05.02.2016;66,37
704;05.02.2016;47,53
830;05.02.2016;106,01
1102;05.02.2016;179,97
1163;05.02.2016;178,34
1606;05.02.2016;87,08
1757;05.02.2016;50,38
2365;05.02.2016;105,72
2593;05.02.2016;35,42
3205;05.02.2016;54,33
3258;05.02.2016;122,07
4359;05.02.2016;76,92
4920;05.02.2016;110,47
6208;05.02.2016;96,61
8710;05.02.2016;52,16
9354;05.02.2016;112,58
9479;05.02.2016;32,54
9718;05.02.2016;111,81
9742;05.02.2016;81,31
362;06.02.2016;161,41
1303;06.02.2016;114,14
2487;06.02.2016;115,49
2553;06.02.2016;111,96
3570;06.02.2016;138,92
3831;06.02.2016;64,03
3925;06.02.2016;121
3940;06.02.2016;117,93
4633;06.02.2016;129,59
5668;06.02.2016;167,58
5982;06.02.2016;58,04
6292;06.02.2016;174,06
6700;06.02.2016;99,4
6786;06.02.2016;73,14
6960;06.02.2016;108,55
7431;06.02.2016;72,49
7778;06.02.2016;153,44
8607;06.02.2016;170,27
8978;06.02.2016;171,92
9283;06.02.2016;116,98
9423;06.02.2016;90,2
9571;06.02.2016;129,22
170;07.02.2016;75,83
387;07.02.2016;181,2
1401;07.02.2016;59,06
1450;07.02.2016;132,85
2346;07.02.2016;152,93
2443;07.02.2016;98,94
2947;07.02.2016;53,57
3213;07.02.2016;64,07
3388;07.02.2016;45,5
3448;07.02.2016;113,16
3480;07.02.2016;39,73
3509;07.02.2016;56,37
3560;07.02.2016;96,92
4078;07.02.2016;38,53
4785;07.02.2016;44,28
4832;07.02.2016;135,17
5411;07.02.2016;138,21
5470;07.02.2016;146,45
5593;07.02.2016;81,49
5600;07.02.2016;180,95
6662;07.02.2016;58,2
6764;07.02.2016;104,93
7210;07.02.2016;153,57
7501;07.02.2016;55,68
7795;07.02.2016;120,08
7837;07.02.2016;181,14
8766;07.02.2016;50,69
8915;07.02.2016;127,59
9150;07.02.2016;104,9
9429;07.02.2016;169,13
45;08.02.2016;74,48
124;08.02.2016;174,79
444;08.02.2016;176,09
470;08.02.2016;74,51
562;08.02.2016;116,4
807;08.02.2016;142,32
842;08.02.2016;71,56
2185;08.02.2016;154,13
2895;08.02.2016;107,03
2998;08.02.2016;99,45
3069;08.02.2016;93,97
3862;08.02.2016;115,57
4058;08.02.2016;136,31
5083;08.02.2016;159,83
5629;08.02.2016;149,33
6484;08.02.2016;35,28
6591;08.02.2016;149,93
6626;08.02.2016;84,26
6919;08.02.2016;172,09
7203;08.02.2016;40,11
7334;08.02.2016;73,39
7633;08.02.2016;82,59
7767;08.02.2016;118,95
7986;08.02.2016;68,98
8039;08.02.2016;125,69
183;09.02.2016;149,86
227;09.02.2016;34,7
922;09.02.2016;78,51
985;09.02.2016;160,75
1593;09.02.2016;34,4
1895;09.02.2016;131,87
2654;09.02.2016;137,27
3124;09.02.2016;84,79
3917;09.02.2016;161,42
4492;09.02.2016;45,05
4575;09.02.2016;178,48
4769;09.02.2016;178,35
4829;09.02.2016;70,2
5439;09.02.2016;160,98
5676;09.02.2016;89,67
5753;09.02.2016;174
6027;09.02.2016;164,84
6145;09.02.2016;62,46
6392;09.02.2016;109,02
6909;09.02.2016;93,54
7419;09.02.2016;69,99
7818;09.02.2016;37,53
7844;09.02.2016;42,32
8325;09.02.2016;67,57
8685;09.02.2016;115,68
8742;09.02.2016;69,54
9600;09.02.2016;132,53
19;10.02.2016;117,98
19;10.02.2016;118,44
195;10.02.2016;163,61
258;10.02.2016;166,61
772;10.02.2016;80,3
1240;10.02.2016;43,14
2546;10.02.2016;122,22
3173;10.02.2016;93,99
3423;10.02.2016;126,3
3662;10.02.2016;177,52
4058;10.02.2016;39,76
4567;10.02.2016;108,03
4836;10.02.2016;168,57
6892;10.02.2016;138,87
6924;10.02.2016;42,37
7319;10.02.2016;114,5
8112;10.02.2016;116,74
8308;10.02.2016;143,93
8362;10.02.2016;132,88
9074;10.02.2016;157,36
9210;10.02.2016;149,63
9282;10.02.2016;142,36
9314;10.02.2016;52,95
9695;10.02.2016;68,44
9970;10.02.2016;165,17
46;11.02.2016;72,05
986;11.02.2016;109,86
1331;11.02.2016;31,92
1391;11.02.2016;85,7
1542;11.02.2016;179,53
1624;11.02.2016;86,2
2629;11.02.2016;165,08
3094;11.02.2016;105,57
4119;11.02.2016;161,59
6027;11.02.2016;171,71
6401;11.02.2016;136,31
6827;11.02.2016;88,12
6862;11.02.2016;130,14
8442;11.02.2016;106,74
9172;11.02.2016;172,78
1231;12.02.2016;178,95
1557;12.02.2016;155,26
1655;12.02.2016;109,34
2005;12.02.2016;159,38
2929;12.02.2016;169,79
3211;12.02.2016;57,32
3261;12.02.2016;178,37
3685;12.02.2016;151,41
3909;12.02.2016;139,4
4590;12.02.2016;140,49
4668;12.02.2016;44,42
5562;12.02.2016;63,22
5616;12.02.2016;53,14
6434;12.02.2016;37,64
6450;12.02.2016;52,76
6627;12.02.2016;60,36
6678;12.02.2016;150,88
6758;12.02.2016;115,44
6885;12.02.2016;65,81
8332;12.02.2016;136,68
8722;12.02.2016;51,57
8808;12.02.2016;133,32
9888;12.02.2016;114,86
225;13.02.2016;152,31
238;13.02.2016;118,93
499;13.02.2016;69,49
702;13.02.2016;155,07
955;13.02.2016;100,79
1610;13.02.2016;149,24
1640;13.02.2016;172,93
1726;13.02.2016;70,71
1780;13.02.2016;90,53
2224;13.02.2016;93,27
2543;13.02.2016;103,08
3916;13.02.2016;127,99
4536;13.02.2016;168,06
4728;13.02.2016;78
4979;13.02.2016;61,2
5312;13.02.2016;125,52
5871;13.02.2016;81,75
6062;13.02.2016;51,14
6089;13.02.2016;181,17
7520;13.02.2016;40,9
7808;13.02.2016;58,83
8427;13.02.2016;124,25
8588;13.02.2016;34,46
8634;13.02.2016;134,01
8814;13.02.2016;123,47
8856;13.02.2016;79,05
9600;13.02.2016;132,59
9993;13.02.2016;82,99
350;14.02.2016;44,21
611;14.02.2016;111,48
913;14.02.2016;78,97
2469;14.02.2016;33,64
3150;14.02.2016;88,06
4167;14.02.2016;40,71
4313;14.02.2016;110,21
4848;14.02.2016;94,26
5198;14.02.2016;133,27
5455;14.02.2016;146,6
6696;14.02.2016;91,63
7894;14.02.2016;153,26
7971;14.02.2016;179,63
9317;14.02.2016;70,57
9964;14.02.2016;132,36
608;15.02.2016;41,23
1771;15.02.2016;66,81
2017;15.02.2016;60,55
2559;15.02.2016;165,76
3494;15.02.2016;104,19
4628;15.02.2016;146,54
4994;15.02.2016;63,02
5388;15.02.2016;55,69
5699;15.02.2016;126,04
5979;15.02.2016;37,19
6437;15.02.2016;126,51
6578;15.02.2016;85,69
7495;15.02.2016;40,98
7725;15.02.2016;89,63
8106;15.02.2016;51,14
8209;15.02.2016;159,71
9354;15.02.2016;180,59
9414;15.02.2016;153,29
9749;15.02.2016;32,05
467;16.02.2016;103,45
907;16.02.2016;100,02
1965;16.02.2016;117,49
2028;16.02.2016;80,95
3110;16.02.2016;88,98
3311;16.02.2016;173,62
3504;16.02.2016;132,21
3548;16.02.2016;35,77
3816;16.02.2016;163,02
4500;16.02.2016;121,83
4806;16.02.2016;73,89
4851;16.02.2016;87,26
5802;16.02.2016;142,24
5889;16.02.2016;79,37
6487;16.02.2016;62,79
6935;16.02.2016;55,7
8260;16.02.2016;43,52
8282;16.02.2016;42,36
8414;16.02.2016;76,08
8868;16.02.2016;69,28
9165;16.02.2016;155,51
9497;16.02.2016;122,28
9652;16.02.2016;160,4
9765;16.02.2016;100,72
197;17.02.2016;109,44
247;17.02.2016;31,55
418;17.02.2016;169,27
654;17.02.2016;180,2
1536;17.02.2016;109,6
1580;17.02.2016;62,44
1674;17.02.2016;70,76
1841;17.02.2016;49,96
2332;17.02.2016;175,53
2361;17.02.2016;130,79
3103;17.02.2016;176,94
3528;17.02.2016;42,48
3894;17.02.2016;112,64
4190;17.02.2016;128,09
4327;17.02.2016;135,7
4561;17.02.2016;87,42
5586;17.02.2016;92,62
5684;17.02.2016;142,29
5887;17.02.2016;95,74
6094;17.02.2016;81,89
6342;17.02.2016;84,43
6608;17.02.2016;138,2
6883;17.02.2016;66,11
7183;17.02.2016;147,38
7513;17.02.2016;157,84
7959;17.02.2016;64,2
8682;17.02.2016;100,88
8837;17.02.2016;175,96
9070;17.02.2016;176,22
9384;17.02.2016;98,08
9801;17.02.2016;67,57
9899;17.02.2016;173,41
12;18.02.2016;149,97
104;18.02.2016;132,33
1209;18.02.2016;133,91
1274;18.02.2016;132,96
1344;18.02.2016;104,74
2116;18.02.2016;71,34
2168;18.02.2016;157,89
2254;18.02.2016;158,3
2414;18.02.2016;134,94
2505;18.02.2016;146,66
3113;18.02.2016;62,09
3446;18.02.2016;131,37
3701;18.02.2016;94,14
4415;18.02.2016;74,68
4543;18.02.2016;166,29
4688;18.02.2016;104,51
4840;18.02.2016;94,85
5380;18.02.2016;125,31
5412;18.02.2016;126,63
5778;18.02.2016;47,4
5788;18.02.2016;159,65
5853;18.02.2016;90,82
6612;18.02.2016;158,65
7246;18.02.2016;115,82
7738;18.02.2016;55
9048;18.02.2016;163,81
9526;18.02.2016;82,51
9632;18.02.2016;137,33
9652;18.02.2016;43,26
448;19.02.2016;110,85
726;19.02.2016;53,09
836;19.02.2016;101,93
953;19.02.2016;121,99
1031;19.02.2016;164,57
1092;19.02.2016;149,32
1100;19.02.2016;101,34
2489;19.02.2016;60,14
2624;19.02.2016;160,46
2883;19.02.2016;48,12
3851;19.02.2016;66,22
4028;19.02.2016;121,75
4032;19.02.2016;53,62
4860;19.02.2016;119,44
5236;19.02.2016;163,3
5340;19.02.2016;77,49
5637;19.02.2016;73,14
6125;19.02.2016;132,93
6180;19.02.2016;111,16
6233;19.02.2016;114,65
6328;19.02.2016;117,21
6931;19.02.2016;176,07
7344;19.02.2016;68,66
7518;19.02.2016;173,92
7740;19.02.2016;39,28
8187;19.02.2016;171,24
8353;19.02.2016;53,26
8553;19.02.2016;109,21
8969;19.02.2016;46,15
9619;19.02.2016;54,2
241;20.02.2016;52,94
412;20.02.2016;52,6
1773;20.02.2016;158,61
2004;20.02.2016;106,26
2201;20.02.2016;107
3484;20.02.2016;33,68
4166;20.02.2016;161,4
4497;20.02.2016;112,24
4685;20.02.2016;109
4812;20.02.2016;89,76
5026;20.02.2016;66,04
5141;20.02.2016;157,86
5616;20.02.2016;168,69
5891;20.02.2016;145,84
6188;20.02.2016;107,84
6859;20.02.2016;66,17
7726;20.02.2016;47,88
9102;20.02.2016;63,11
9286;20.02.2016;57,59
9516;20.02.2016;169,74
9951;20.02.2016;103,33
81;22.02.2016;162,72
263;22.02.2016;102,72
708;22.02.2016;138,64
2026;22.02.2016;35,74
2433;22.02.2016;61,56
2641;22.02.2016;40,6
2715;22.02.2016;69,21
3396;22.02.2016;114,35
3711;22.02.2016;163,49
3781;22.02.2016;168,68
4238;22.02.2016;167,92
4529;22.02.2016;108,78
4619;23.02.2016;143,6
4694;23.02.2016;141,21
4934;23.02.2016;50,58
5757;23.02.2016;38,05
5812;23.02.2016;57,66
7735;23.02.2016;144,16
8460;23.02.2016;105,85
8490;23.02.2016;62,29
9148;23.02.2016;121,1
9328;23.02.2016;156,9
442;24.02.2016;106,82
1157;24.02.2016;163,09
1653;24.02.2016;118,48
2206;24.02.2016;68,8
3073;24.02.2016;123,55
4303;24.02.2016;85,7
4469;24.02.2016;155,77
4689;24.02.2016;112,54
5168;24.02.2016;87,14
5271;24.02.2016;67,42
5554;24.02.2016;135,23
5700;24.02.2016;103,31
6159;24.02.2016;142,45
7047;24.02.2016;44,14
7480;24.02.2016;71,8
7902;24.02.2016;97,7
7922;24.02.2016;50,68
8566;24.02.2016;151,78
8887;24.02.2016;60,86
8969;24.02.2016;90,98
9199;24.02.2016;126,68
9599;24.02.2016;155,57
15;25.02.2016;137,15
774;25.02.2016;106,5
997;25.02.2016;40,53
1001;25.02.2016;155,61
1180;25.02.2016;33,79
2553;25.02.2016;144,29
2874;25.02.2016;148,35
2980;25.02.2016;151,13
3762;25.02.2016;62,04
4096;25.02.2016;111,97
4970;25.02.2016;96,48
5379;25.02.2016;65,75
5515;25.02.2016;128,59
5555;25.02.2016;72,97
6056;25.02.2016;46,62
6289;25.02.2016;67,01
6402;25.02.2016;77,63
6625;25.02.2016;115,02
7230;25.02.2016;35,05
7243;25.02.2016;46,97
7555;25.02.2016;150,4
7627;25.02.2016;165,55
8455;25.02.2016;46,61
8564;25.02.2016;114,59
9388;25.02.2016;64,33
9746;25.02.2016;175,8
385;26.02.2016;54,91
540;26.02.2016;163,31
640;26.02.2016;101,52
807;26.02.2016;157,3
928;26.02.2016;134,99
1006;26.02.2016;154,66
1537;26.02.2016;165,22
1996;26.02.2016;132,97
2408;26.02.2016;153,36
2514;26.02.2016;43,26
2583;26.02.2016;154,9
3533;26.02.2016;132,68
3896;26.02.2016;179,48
3998;26.02.2016;67,5
4042;26.02.2016;33,76
4280;26.02.2016;68,58
4675;26.02.2016;58,61
5125;26.02.2016;127,17
5711;26.02.2016;118,36
6217;26.02.2016;49,9
6488;26.02.2016;107,55
6491;26.02.2016;179,6
7085;26.02.2016;33,29
7761;26.02.2016;81,72
8540;26.02.2016;153,04
8557;26.02.2016;98,52
702;27.02.2016;178,43
837;27.02.2016;34,4
1052;27.02.2016;47,41
1670;27.02.2016;66,49
1801;27.02.2016;151,68
1846;27.02.2016;178,58
2845;27.02.2016;124,41
3347;27.02.2016;82,93
3560;27.02.2016;133,7
5976;27.02.2016;91,82
6304;27.02.2016;98,89
6639;27.02.2016;172,3
6860;27.02.2016;106,59
7550;27.02.2016;168,74
7664;27.02.2016;75,46
8663;27.02.2016;113,84
9097;27.02.2016;51,76
9339;27.02.2016;33,31
9717;27.02.2016;164,11
446;28.02.2016;114,45
620;28.02.2016;113,24
771;28.02.2016;76,98
1684;28.02.2016;117,75
1847;28.02.2016;172,26
2066;28.02.2016;75,97
2137;28.02.2016;125,95
2282;28.02.2016;58,97
2371;28.02.2016;99,6
2480;28.02.2016;46,61
4202;28.02.2016;57,41
4257;28.02.2016;173,17
4360;28.02.2016;167,91
4516;28.02.2016;112,39
4529;28.02.2016;90,72
4996;28.02.2016;122,01
5124;28.02.2016;69,33
5371;28.02.2016;97,97
5922;28.02.2016;160,25
6503;28.02.2016;121,71
6706;28.02.2016;68,64
6877;28.02.2016;111
8257;28.02.2016;142,75
8694;28.02.2016;135,23
8775;28.02.2016;167,16
8895;28.02.2016;157,32
9035;28.02.2016;59,3
9470;28.02.2016;76,74
9924;28.02.2016;90,29
678;29.02.2016;172,63
843;29.02.2016;151,45
1617;29.02.2016;109,09
1833;29.02.2016;177,15
1917;29.02.2016;174,87
1941;29.02.2016;63,63
2088;29.02.2016;124,49
2251;29.02.2016;64,51
2269;29.02.2016;58,12
2352;29.02.2016;99,83
2691;29.02.2016;40,56
2987;29.02.2016;153,18
2997;29.02.2016;69,36
3150;29.02.2016;112,69
3172;29.02.2016;77,51
3647;29.02.2016;169,73
3774;29.02.2016;55,71
4157;29.02.2016;124,24
4274;29.02.2016;34,78
4824;29.02.2016;145,02
5252;29.02.2016;107,97
5989;29.02.2016;126,63
6483;29.02.2016;168,31
6996;29.02.2016;170,23
7037;29.02.2016;32,9
7367;29.02.2016;161,4
8752;29.02.2016;59,58
8849;29.02.2016;159,62
8968;29.02.2016;72,53
9240;29.02.2016;89,9
9711;29.02.2016;121,74
453;01.03.2016;111,95
1182;01.03.2016;48,86
1582;01.03.2016;137,14
1884;01.03.2016;137,58
2471;01.03.2016;81,52
3030;01.03.2016;138,18
3248;01.03.2016;95,81
3392;01.03.2016;110,36
3478;01.03.2016;83,09
4028;01.03.2016;81,99
4042;01.03.2016;105,4
5385;01.03.2016;146,44
5505;01.03.2016;82,03
5699;01.03.2016;68,49
5765;01.03.2016;36,76
5771;01.03.2016;81,13
6423;01.03.2016;157,67
7417;01.03.2016;114,77
7932;01.03.2016;103,53
9427;01.03.2016;164,85
342;02.03.2016;155,65
675;02.03.2016;50,05
789;02.03.2016;92,84
972;02.03.2016;72,11
1241;02.03.2016;42,2
1443;02.03.2016;148,82
1890;02.03.2016;68,66
1957;02.03.2016;112,94
2249;02.03.2016;125,29
2253;02.03.2016;156
2419;02.03.2016;88,78
2711;02.03.2016;167,19
2778;02.03.2016;89,09
3037;02.03.2016;78,24
3214;02.03.2016;118,89
3555;02.03.2016;174,77
4321;02.03.2016;178,62
4608;02.03.2016;61,56
5481;02.03.2016;38,04
6346;02.03.2016;71,04
6992;02.03.2016;179,84
7024;02.03.2016;160,17
8198;02.03.2016;85,87
8238;02.03.2016;129,95
9049;02.03.2016;87,09
9419;02.03.2016;176,37
9643;02.03.2016;155,23
9858;02.03.2016;169,95
619;03.03.2016;72,16
738;03.03.2016;35,53
1102;03.03.2016;132,49
1517;03.03.2016;134,65
2592;03.03.2016;144,01
3211;03.03.2016;86,73
3393;03.03.2016;38,84
3699;03.03.2016;153,31
3725;03.03.2016;119,05
4038;03.03.2016;160,16
4104;03.03.2016;138,98
5035;03.03.2016;123,45
5708;03.03.2016;164,57
5792;03.03.2016;107,31
6049;03.03.2016;87,03
6707;03.03.2016;76,44
6997;03.03.2016;86,07
7088;03.03.2016;54,28
7553;03.03.2016;134,89
7583;03.03.2016;148,34
7619;03.03.2016;48,13
7716;03.03.2016;40,39
7995;03.03.2016;138,33
9712;03.03.2016;135,57
9822;03.03.2016;161,54
867;04.03.2016;36,63
1670;04.03.2016;49,27
1742;04.03.2016;60,59
2161;04.03.2016;147,49
2239;04.03.2016;133,71
2806;04.03.2016;72,24
3062;04.03.2016;130,6
3299;04.03.2016;141,73
4087;04.03.2016;117,38
4316;04.03.2016;59,45
4382;04.03.2016;166,17
5327;04.03.2016;117,76
5859;04.03.2016;86,39
6653;04.03.2016;58,27
6706;04.03.2016;116,48
6967;04.03.2016;69,6
7628;04.03.2016;55,43
8265;04.03.2016;51,7
8453;04.03.2016;151,18
9223;04.03.2016;103,01
171;05.03.2016;34,92
312;05.03.2016;180,22
578;05.03.2016;34,76
1344;05.03.2016;162,27
1784;05.03.2016;39,19
2062;05.03.2016;61,72
2173;05.03.2016;115,14
2319;05.03.2016;131,47
2477;05.03.2016;124,23
3212;05.03.2016;114,52
3506;05.03.2016;159,45
4198;05.03.2016;58,47
4337;05.03.2016;57,1
4642;05.03.2016;171,92
4736;05.03.2016;139,52
4977;05.03.2016;164,1
5042;05.03.2016;117,93
5730;05.03.2016;115,87
5774;05.03.2016;137,88
6044;05.03.2016;69,51
6045;05.03.2016;49,94
6753;05.03.2016;62,08
7072;05.03.2016;134,97
7101;05.03.2016;157,25
7273;05.03.2016;160,12
7350;05.03.2016;119,71
7797;05.03.2016;74,36
8213;05.03.2016;99,56
8716;05.03.2016;41,51
9411;05.03.2016;129,66
9678;05.03.2016;131,99
9877;05.03.2016;88,62
212;06.03.2016;57,51
494;06.03.2016;46,74
1047;06.03.2016;74,9
1235;06.03.2016;33,42
1383;06.03.2016;71,97
1552;06.03.2016;98,44
2382;06.03.2016;110,99
2832;06.03.2016;157,93
3110;06.03.2016;56,43
3189;06.03.2016;138,74
4153;06.03.2016;130,2
4257;06.03.2016;169,65
4511;06.03.2016;165,5
5230;06.03.2016;159
5715;06.03.2016;95,47
7676;06.03.2016;135,45
7786;06.03.2016;159,07
8572;06.03.2016;32,62
8996;06.03.2016;31,66
9377;06.03.2016;57,17
9424;06.03.2016;154,61
9833;06.03.2016;76,83
476;07.03.2016;54,97
524;07.03.2016;148,92
602;07.03.2016;119,74
1889;07.03.2016;94,38
2488;07.03.2016;75,83
2788;07.03.2016;102,67
3268;07.03.2016;167,1
4079;07.03.2016;159,52
4162;07.03.2016;49,67
4250;07.03.2016;77,06
4831;07.03.2016;75,92
6472;07.03.2016;149,34
6504;07.03.2016;120,19
6996;07.03.2016;165,53
7130;07.03.2016;138,01
7276;07.03.2016;64,54
7499;07.03.2016;140,92
7678;07.03.2016;136,04
8952;07.03.2016;45,99
9083;07.03.2016;178,45
9595;07.03.2016;156,51
9951;07.03.2016;71,7
580;08.03.2016;64,65
1555;08.03.2016;102,54
1583;08.03.2016;62,28
1658;08.03.2016;176,28
2373;08.03.2016;64,22
6368;08.03.2016;135,55
6813;08.03.2016;165,2
7112;08.03.2016;145,28
7968;08.03.2016;167,83
8382;08.03.2016;56,81
1048;09.03.2016;153,74
1567;09.03.2016;69,15
1692;09.03.2016;62,34
2006;09.03.2016;41,57
2573;09.03.2016;178,31
2940;09.03.2016;75,57
3829;09.03.2016;123,51
4124;09.03.2016;172,59
4222;09.03.2016;114,1
4457;09.03.2016;47,78
4458;09.03.2016;160,51
4643;09.03.2016;150,38
4770;09.03.2016;100,96
5271;09.03.2016;57,19
5378;09.03.2016;82,59
5777;09.03.2016;164,64
6478;09.03.2016;72,12
6480;09.03.2016;92,3
6905;09.03.2016;101,75
7583;09.03.2016;109
7658;09.03.2016;135,55
7987;09.03.2016;73,16
8547;09.03.2016;44,06
8642;09.03.2016;98,56
9254;09.03.2016;113,31
9714;09.03.2016;149,05
9841;09.03.2016;95,52
346;10.03.2016;180,51
565;10.03.2016;43,4
887;10.03.2016;90,2
1260;10.03.2016;177,31
1870;10.03.2016;36,46
2066;10.03.2016;32,23
2383;10.03.2016;34,53
2465;10.03.2016;115,09
2600;10.03.2016;36,44
3236;10.03.2016;179,6
3314;10.03.2016;156,19
3354;10.03.2016;113,78
3365;10.03.2016;117,79
3569;10.03.2016;124,36
3820;10.03.2016;155,16
4288;10.03.2016;173,18
4597;10.03.2016;53,4
5876;10.03.2016;153,58
6011;10.03.2016;59,84
6344;10.03.2016;77,32
7438;10.03.2016;62,54
7506;10.03.2016;108,26
7693;10.03.2016;120,19
8050;10.03.2016;60,86
8156;10.03.2016;57,6
8188;10.03.2016;102,09
309;11.03.2016;163,21
470;11.03.2016;94,02
726;11.03.2016;55,44
1122;11.03.2016;87,53
2097;11.03.2016;71,96
2331;11.03.2016;48,52
2397;11.03.2016;41,13
3748;11.03.2016;162,92
3971;11.03.2016;141,9
4713;11.03.2016;177,34
4799;11.03.2016;159,39
4964;11.03.2016;175,11
5142;11.03.2016;63,2
5555;11.03.2016;38,24
5716;11.03.2016;91,94
6847;11.03.2016;66,53
6947;11.03.2016;116,43
7034;11.03.2016;156,46
7423;11.03.2016;69,05
7448;11.03.2016;47,42
7532;11.03.2016;177,43
8176;11.03.2016;95,07
9188;11.03.2016;154,08
9877;11.03.2016;123,42
153;12.03.2016;122,26
211;12.03.2016;82,1
1291;12.03.2016;93,37
1446;12.03.2016;39,99
1558;12.03.2016;113,82
1747;12.03.2016;174,47
1869;12.03.2016;52,5
1979;12.03.2016;62,68
2284;12.03.2016;155,97
2290;12.03.2016;114,27
2469;12.03.2016;50,71
2531;12.03.2016;40,68
2960;12.03.2016;46,52
3005;12.03.2016;124,72
3168;12.03.2016;132,51
3207;12.03.2016;152,5
4051;12.03.2016;96,98
4176;12.03.2016;155,05
4259;12.03.2016;129,56
4680;12.03.2016;137,13
4758;12.03.2016;40,15
5740;12.03.2016;164,29
6212;12.03.2016;171,83
6529;12.03.2016;74,93
6958;12.03.2016;176,26
7499;12.03.2016;82,26
7584;12.03.2016;39,37
8448;12.03.2016;63,09
8502;12.03.2016;117,87
8842;12.03.2016;136,48
8889;12.03.2016;140,14
105;13.03.2016;53,52
367;13.03.2016;116,73
1099;13.03.2016;87,5
2296;13.03.2016;46,37
2543;13.03.2016;31,79
3230;13.03.2016;52,48
3599;13.03.2016;137,76
4379;13.03.2016;152,54
4891;13.03.2016;137,1
5083;13.03.2016;70,43
5300;13.03.2016;76,62
5688;13.03.2016;142,87
6466;13.03.2016;163,61
6527;13.03.2016;68,37
7856;13.03.2016;162,8
8134;13.03.2016;140,69
8673;13.03.2016;111,96
8753;13.03.2016;43,05
186;14.03.2016;36,43
613;14.03.2016;100,68
1172;14.03.2016;86,83
1315;14.03.2016;66,2
1325;14.03.2016;98,46
1541;14.03.2016;137,23
1823;14.03.2016;90,39
3052;14.03.2016;176,28
5383;14.03.2016;153,38
6199;14.03.2016;106,2
6267;14.03.2016;71,68
6858;14.03.2016;40,58
7668;14.03.2016;152,48
8179;14.03.2016;174,62
8233;14.03.2016;158,89
8806;14.03.2016;72,66
9494;14.03.2016;102,33
318;15.03.2016;86,08
419;15.03.2016;149,51
694;15.03.2016;148,47
978;15.03.2016;170,13
1393;15.03.2016;162,15
1856;15.03.2016;141,83
2166;15.03.2016;133,76
2375;15.03.2016;130,23
2452;15.03.2016;58,39
2461;15.03.2016;90,55
3060;15.03.2016;127,07
3921;15.03.2016;179,27
3925;15.03.2016;124,86
5725;15.03.2016;68,23
5960;15.03.2016;50,27
6721;15.03.2016;149,33
7129;15.03.2016;58,93
7589;15.03.2016;113,38
7693;15.03.2016;131,49
7755;15.03.2016;138,27
7980;15.03.2016;138,44
8117;15.03.2016;144,35
8194;15.03.2016;123,1
9721;15.03.2016;103,54
758;16.03.2016;136,04
988;16.03.2016;51,93
2020;16.03.2016;96,66
2033;16.03.2016;107,02
2173;16.03.2016;129,34
2403;16.03.2016;111,24
2721;16.03.2016;166,76
3216;16.03.2016;83
3384;16.03.2016;87,43
4821;16.03.2016;62,05
5754;16.03.2016;63,23
6561;16.03.2016;51,21
6608;16.03.2016;43,23
7668;16.03.2016;138,08
8021;16.03.2016;161,26
8472;16.03.2016;119,82
8493;16.03.2016;119,27
8788;16.03.2016;101,24
9098;16.03.2016;46,94
9142;16.03.2016;154,31
9355;16.03.2016;111,72
9465;16.03.2016;69,36
294;17.03.2016;102,82
352;17.03.2016;62,9
457;17.03.2016;88,19
517;17.03.2016;47,98
709;17.03.2016;146,56
1021;17.03.2016;36,9
2007;17.03.2016;122,61
2415;17.03.2016;89,09
2606;17.03.2016;176,16
2765;17.03.2016;37,43
2904;17.03.2016;140,52
3389;17.03.2016;127,08
3536;17.03.2016;50,75
4170;17.03.2016;131,66
5071;17.03.2016;172,11
5764;17.03.2016;36,72
5888;17.03.2016;180,84
6934;17.03.2016;124,85
7868;17.03.2016;157,33
8822;17.03.2016;114,52
8895;17.03.2016;71,5
9428;17.03.2016;147
9626;17.03.2016;112,62
99;18.03.2016;119,09
140;18.03.2016;50,88
1324;18.03.2016;96,39
1521;18.03.2016;172,93
1591;18.03.2016;162,08
1729;18.03.2016;36,51
2751;18.03.2016;31,78
3308;18.03.2016;75,27
4227;18.03.2016;68,09
4245;18.03.2016;35,17
4254;18.03.2016;54,41
4469;18.03.2016;172,58
4564;18.03.2016;167,17
4728;18.03.2016;158,59
4829;18.03.2016;142,63
5094;18.03.2016;92,31
5107;18.03.2016;67,86
5390;18.03.2016;72,47
5736;18.03.2016;129,97
6031;18.03.2016;128,21
6597;18.03.2016;49,84
7011;18.03.2016;61,82
7506;18.03.2016;89,08
7714;18.03.2016;154,49
7940;18.03.2016;149,34
8035;18.03.2016;109,13
8144;18.03.2016;97,32
8231;18.03.2016;89,24
8479;18.03.2016;88,5
81;19.03.2016;48
114;19.03.2016;90,35
489;19.03.2016;71,19
527;19.03.2016;80,4
1089;19.03.2016;55,72
1586;19.03.2016;34,62
1990;19.03.2016;145,16
2312;19.03.2016;125,35
2418;19.03.2016;71,93
3523;19.03.2016;36,7
3864;19.03.2016;43,03
4220;19.03.2016;148,62
4840;19.03.2016;169,98
5260;19.03.2016;173,7
5926;19.03.2016;144,89
6437;19.03.2016;168,59
6440;19.03.2016;85,24
6758;19.03.2016;157,03
7759;19.03.2016;37,92
8907;19.03.2016;77,77
9210;19.03.2016;153,41
9945;19.03.2016;161,48
141;20.03.2016;174,45
1548;20.03.2016;100,69
2240;20.03.2016;54,1
4151;20.03.2016;116,49
5572;20.03.2016;76,36
6403;20.03.2016;44,14
7370;20.03.2016;89,9
7943;20.03.2016;49,8
1265;21.03.2016;134,18
1289;21.03.2016;44,88
1745;21.03.2016;139,58
1966;21.03.2016;47,77
1982;21.03.2016;73,15
2514;21.03.2016;117,27
2598;21.03.2016;71,12
3171;21.03.2016;159,93
3317;21.03.2016;75,1
5196;21.03.2016;146,41
5199;21.03.2016;116,81
5227;21.03.2016;161,26
5565;21.03.2016;140,36
5898;21.03.2016;144,87
6292;21.03.2016;102,42
6390;21.03.2016;141,72
7683;21.03.2016;43,14
8878;21.03.2016;41,74
9114;21.03.2016;120,48
9456;21.03.2016;139,2
9527;21.03.2016;108,35
9842;21.03.2016;121,55
433;22.03.2016;71,32
1885;22.03.2016;42,89
2163;22.03.2016;166,05
3635;22.03.2016;80,75
3802;22.03.2016;103,2
5298;22.03.2016;149,89
6061;22.03.2016;51,23
6603;22.03.2016;104,12
7458;22.03.2016;34,2
8173;22.03.2016;102,35
8268;22.03.2016;107,81
8743;22.03.2016;92,61
8807;22.03.2016;138,7
9032;22.03.2016;119,23
9160;22.03.2016;39,22
9426;22.03.2016;162,45
9709;22.03.2016;123,06
742;23.03.2016;42,63
949;23.03.2016;100,24
1034;23.03.2016;176,79
1063;23.03.2016;103,89
1552;23.03.2016;120,74
1860;23.03.2016;102,45
2348;23.03.2016;125,12
2758;23.03.2016;158,87
2981;23.03.2016;170,63
3183;23.03.2016;120,35
4043;23.03.2016;87,28
4391;23.03.2016;141,17
4710;23.03.2016;77,54
4832;23.03.2016;100,12
4872;23.03.2016;49,17
5301;23.03.2016;121,17
5337;23.03.2016;133,24
5591;23.03.2016;53,42
5848;23.03.2016;63,83
6473;23.03.2016;117,88
6519;23.03.2016;144,8
6705;23.03.2016;124,1
6893;23.03.2016;66,41
7101;23.03.2016;93,29
7535;23.03.2016;61,82
7560;23.03.2016;43,93
7860;23.03.2016;56,65
7980;23.03.2016;50,25
8039;23.03.2016;80,49
8087;23.03.2016;58,89
8293;23.03.2016;31,77
9204;23.03.2016;45,12
9769;23.03.2016;171,34
9968;23.03.2016;151,36
9977;23.03.2016;164,81
36;24.03.2016;132,15
116;24.03.2016;63,36
279;24.03.2016;101,3
381;24.03.2016;78,73
394;24.03.2016;83,23
950;24.03.2016;56,41
1107;24.03.2016;105,67
1230;24.03.2016;179,78
1264;24.03.2016;112,68
1398;24.03.2016;73,48
1506;24.03.2016;86,11
1751;24.03.2016;139,42
1937;24.03.2016;169,15
3591;24.03.2016;153,22
3731;24.03.2016;58,03
4157;24.03.2016;51,17
4307;24.03.2016;116,86
5534;24.03.2016;178,8
5648;24.03.2016;140,61
5677;24.03.2016;179,67
6060;24.03.2016;48,5
6162;24.03.2016;129,9
6216;24.03.2016;145,23
6374;24.03.2016;87,14
6982;24.03.2016;101,91
7759;24.03.2016;131,29
9054;24.03.2016;41,18
9099;24.03.2016;115,94
9468;24.03.2016;60,7
9559;24.03.2016;129,05
466;25.03.2016;65,76
699;25.03.2016;38,38
1283;25.03.2016;163,28
1289;25.03.2016;142,15
1509;25.03.2016;89,55
2306;25.03.2016;108,85
4804;25.03.2016;132,98
5959;25.03.2016;103,1
5995;25.03.2016;124,38
6317;25.03.2016;79,39
6673;25.03.2016;180,73
6869;25.03.2016;128,28
7085;25.03.2016;121,81
7588;25.03.2016;71,49
8455;25.03.2016;135,23
8512;25.03.2016;94,68
8604;25.03.2016;102,7
8821;25.03.2016;159,12
8861;25.03.2016;91,07
65;26.03.2016;162,39
588;26.03.2016;152,26
599;26.03.2016;142,54
826;26.03.2016;60,47
924;26.03.2016;58,23
1301;26.03.2016;137,49
2066;26.03.2016;44,19
4151;26.03.2016;73,19
4372;26.03.2016;139,88
4534;26.03.2016;141,27
4565;26.03.2016;46,99
4766;26.03.2016;144,59
4955;26.03.2016;83,13
5196;26.03.2016;172,83
5231;26.03.2016;124,92
6364;26.03.2016;38,63
6522;26.03.2016;149,58
6596;26.03.2016;72,79
7046;26.03.2016;78,48
7214;26.03.2016;179,69
7594;26.03.2016;139,58
8074;26.03.2016;126,64
8117;26.03.2016;82,41
8698;26.03.2016;117,45
8733;26.03.2016;150,08
8828;26.03.2016;173,99
9124;26.03.2016;81,36
9358;26.03.2016;150,16
9770;26.03.2016;41,31
9959;26.03.2016;165,85
672;27.03.2016;114,8
1315;27.03.2016;95,64
1678;27.03.2016;162,22
1713;27.03.2016;100,2
2110;27.03.2016;62,37
2410;27.03.2016;54,53
2433;27.03.2016;170,7
2509;27.03.2016;78,97
2678;27.03.2016;56,56
2743;27.03.2016;91,19
2862;27.03.2016;159,13
3610;27.03.2016;66,97
3642;27.03.2016;106,06
3662;27.03.2016;95,3
3853;27.03.2016;126,39
4032;27.03.2016;68,18
4654;27.03.2016;37,73
4891;27.03.2016;85,91
5854;27.03.2016;39,96
6129;27.03.2016;134,34
6937;27.03.2016;108,58
6965;27.03.2016;58,32
7545;27.03.2016;31,98
7961;27.03.2016;33,75
8233;27.03.2016;48,18
8538;27.03.2016;63,49
8849;27.03.2016;77,86
349;28.03.2016;177,11
690;28.03.2016;57,88
768;28.03.2016;116,45
859;28.03.2016;51,28
1109;28.03.2016;113,05
1495;28.03.2016;117,54
2586;28.03.2016;115,2
2759;28.03.2016;90,91
3236;28.03.2016;130,05
3281;28.03.2016;162,47
3616;28.03.2016;172,97
3811;28.03.2016;109,93
4742;28.03.2016;153,12
4772;28.03.2016;74,24
6396;28.03.2016;136,67
7313;28.03.2016;130,54
8126;28.03.2016;125,63
8193;28.03.2016;156,71
9849;28.03.2016;157,58
436;29.03.2016;51,88
443;29.03.2016;66,58
600;29.03.2016;46,65
639;29.03.2016;103,41
689;29.03.2016;84,47
796;29.03.2016;171,07
1296;29.03.2016;37,99
1309;29.03.2016;38,98
2006;29.03.2016;73,43
2539;29.03.2016;93,24
2861;29.03.2016;146,31
3561;29.03.2016;115,9
4646;29.03.2016;176,86
4754;29.03.2016;96,37
5375;29.03.2016;49,24
5530;29.03.2016;157,97
6086;29.03.2016;103,47
7139;29.03.2016;61,63
7753;29.03.2016;81,02
7957;29.03.2016;93,81
8427;29.03.2016;126,82
8977;29.03.2016;31,65
9590;29.03.2016;111,39
295;30.03.2016;151,64
564;30.03.2016;86,57
939;30.03.2016;136,71
1058;30.03.2016;80,13
1121;30.03.2016;137,03
1659;30.03.2016;128,2
2508;30.03.2016;89,76
3119;30.03.2016;172,53
3145;30.03.2016;48,63
4104;30.03.2016;171,74
4362;30.03.2016;144,72
4678;30.03.2016;128,49
6253;30.03.2016;148,48
6882;30.03.2016;103,26
7102;30.03.2016;166,41
7657;30.03.2016;70,92
8204;30.03.2016;38,66
8642;30.03.2016;143,08
9888;30.03.2016;71,15
9976;30.03.2016;162,56
64;31.03.2016;162
133;31.03.2016;50,71
157;31.03.2016;50,88
167;31.03.2016;162,39
214;31.03.2016;174,56
542;31.03.2016;51,33
1008;31.03.2016;158,6
1146;31.03.2016;101,69
1950;31.03.2016;56,89
2090;31.03.2016;105,77
2176;31.03.2016;40,57
2344;31.03.2016;88,75
2895;31.03.2016;47,23
3126;31.03.2016;139,39
3613;31.03.2016;143,27
3742;31.03.2016;153,36
3774;31.03.2016;156,5
3857;31.03.2016;80,49
5029;31.03.2016;104,76
5772;31.03.2016;156,84
6402;31.03.2016;145,21
6647;31.03.2016;171,55
6816;31.03.2016;111,08
6907;31.03.2016;145,38
6964;31.03.2016;131,85
7716;31.03.2016;174,56
7942;31.03.2016;47
8198;31.03.2016;96,69
8434;31.03.2016;117,36
8448;31.03.2016;176,12
8482;31.03.2016;73,59
8964;31.03.2016;161,51
431;01.04.2016;87,86
474;01.04.2016;86,31
600;01.04.2016;73,73
891;01.04.2016;152,1
1255;01.04.2016;104,51
1640;01.04.2016;85,22
1672;01.04.2016;114,86
2328;01.04.2016;58,01
3686;01.04.2016;56,72
3785;01.04.2016;41,42
3798;01.04.2016;92,77
4584;01.04.2016;97,76
4803;01.04.2016;145,21
5345;01.04.2016;144,85
7614;01.04.2016;160,56
7623;01.04.2016;48,35
8619;01.04.2016;38,12
9105;01.04.2016;44,55
9464;01.04.2016;148,16
9726;01.04.2016;167,13
1973;02.04.2016;127,31
2748;02.04.2016;73,26
4540;02.04.2016;104,21
7014;02.04.2016;36,91
7203;02.04.2016;84,85
7285;02.04.2016;173,17
7422;02.04.2016;148,01
8122;02.04.2016;163,69
8217;02.04.2016;146,62
8237;02.04.2016;174,02
8348;02.04.2016;132,22
8649;02.04.2016;139,53
9193;02.04.2016;152,96
9357;02.04.2016;61,6
9730;02.04.2016;172,44
230;03.04.2016;161,91
759;03.04.2016;55,46
1392;03.04.2016;172,9
1498;03.04.2016;84,68
1808;03.04.2016;74,59
2692;03.04.2016;115,44
3503;03.04.2016;119,46
3947;03.04.2016;69,66
4233;03.04.2016;34,61
4765;03.04.2016;52,06
6662;03.04.2016;91,81
6822;03.04.2016;142,06
7159;03.04.2016;130,96
7428;03.04.2016;140,77
7826;03.04.2016;56,21
8213;03.04.2016;57,35
8247;03.04.2016;89,88
8471;03.04.2016;65,81
9021;03.04.2016;100,39
9638;03.04.2016;141,15
558;04.04.2016;121,39
859;04.04.2016;180,31
878;04.04.2016;144,97
937;04.04.2016;179,75
992;04.04.2016;47,29
4082;04.04.2016;35,74
4482;04.04.2016;104,58
4694;04.04.2016;111,53
4737;04.04.2016;78,33
4970;04.04.2016;85,16
5023;04.04.2016;96,62
5462;04.04.2016;109,44
5502;04.04.2016;138,79
5515;04.04.2016;46,18
5631;04.04.2016;97,58
6211;04.04.2016;82,4
6609;04.04.2016;123,1
7461;04.04.2016;130,9
8308;04.04.2016;42,07
9099;04.04.2016;161,4
134;05.04.2016;165,99
234;05.04.2016;179,14
538;05.04.2016;140,77
693;05.04.2016;153,54
876;05.04.2016;97,53
970;05.04.2016;71,98
1100;05.04.2016;61,74
2103;05.04.2016;62,76
2266;05.04.2016;45,43
2912;05.04.2016;87,41
3245;05.04.2016;57,63
3470;05.04.2016;149,52
4244;05.04.2016;167,58
4453;05.04.2016;143,73
4558;05.04.2016;65,95
4639;05.04.2016;156,89
4729;05.04.2016;109,91
5050;05.04.2016;129,98
5434;05.04.2016;54,93
5529;05.04.2016;82,31
5628;05.04.2016;54,88
5895;05.04.2016;76,96
6342;05.04.2016;160,49
6550;05.04.2016;103,26
6784;05.04.2016;32,65
7862;05.04.2016;168,44
7891;05.04.2016;76,15
8113;05.04.2016;177,24
8168;05.04.2016;180,46
8316;05.04.2016;118,1
47;06.04.2016;107,68
1479;06.04.2016;84,1
1851;06.04.2016;62,25
2473;06.04.2016;133,3
2623;06.04.2016;88,15
2762;06.04.2016;33,72
3055;06.04.2016;97,02
3144;06.04.2016;45,51
3187;06.04.2016;115,22
3279;06.04.2016;116,62
4265;06.04.2016;112,66
4349;06.04.2016;121,96
4355;06.04.2016;101,53
4459;06.04.2016;57,47
4716;06.04.2016;41,99
6071;06.04.2016;146,25
6096;06.04.2016;157,81
6281;06.04.2016;147,68
7931;06.04.2016;57,06
8196;06.04.2016;37,3
9025;06.04.2016;171,37
1734;07.04.2016;122,02
2505;07.04.2016;105,94
2959;07.04.2016;129,71
2984;07.04.2016;87,31
3060;07.04.2016;176,88
3068;07.04.2016;138,1
3301;07.04.2016;179,41
3750;07.04.2016;65,45
4016;07.04.2016;161,31
4722;07.04.2016;139,63
4736;07.04.2016;49,49
6937;07.04.2016;44,69
7469;07.04.2016;77,64
7578;07.04.2016;157,22
7883;07.04.2016;67,45
8533;07.04.2016;55,88
8905;07.04.2016;116,03
9188;07.04.2016;42,03
9340;07.04.2016;56,43
9719;07.04.2016;146,59
9802;07.04.2016;77,06
1371;08.04.2016;172,59
1646;08.04.2016;77,93
2215;08.04.2016;75,44
2769;08.04.2016;137,7
3227;08.04.2016;71,48
3423;08.04.2016;175,88
3639;08.04.2016;51,48
4431;08.04.2016;156,94
4603;08.04.2016;68,19
4706;08.04.2016;102,46
4824;08.04.2016;49,97
4917;08.04.2016;103,86
4922;08.04.2016;41,85
5089;08.04.2016;102,26
5102;08.04.2016;139,44
5304;08.04.2016;169,38
5322;08.04.2016;151,64
5822;08.04.2016;87,12
6175;08.04.2016;116,89
7534;08.04.2016;174,01
7560;08.04.2016;70,49
8835;08.04.2016;115,78
8837;08.04.2016;151,43
9986;08.04.2016;180,26
110;09.04.2016;98,87
479;09.04.2016;90,46
1114;09.04.2016;39,09
1723;09.04.2016;74,58
1902;09.04.2016;64,75
2747;09.04.2016;79
3009;09.04.2016;46,58
3196;09.04.2016;98,86
3961;09.04.2016;116,69
5048;09.04.2016;151,26
7761;09.04.2016;111,62
8574;09.04.2016;40,98
8636;09.04.2016;74,76
9007;09.04.2016;118,2
9376;09.04.2016;157
1023;10.04.2016;149,37
1335;10.04.2016;71,25
2272;10.04.2016;179,54
2737;10.04.2016;178,29
4212;10.04.2016;106,22
4254;10.04.2016;47,77
4655;10.04.2016;172,41
5022;10.04.2016;90,56
6541;10.04.2016;85,27
7156;10.04.2016;83,96
7225;10.04.2016;101,02
7248;10.04.2016;96,36
7265;10.04.2016;174,78
7585;10.04.2016;118,47
8660;10.04.2016;174,8
9221;10.04.2016;40,68
9270;10.04.2016;165,28
9454;10.04.2016;61,87
9659;10.04.2016;91,14
9967;10.04.2016;95,74
522;11.04.2016;84,6
723;11.04.2016;64,43
822;11.04.2016;89,54
1268;11.04.2016;63,53
1291;11.04.2016;37,22
1346;11.04.2016;128,13
1404;11.04.2016;101,56
1493;11.04.2016;176,82
1907;11.04.2016;117,23
2417;11.04.2016;66,61
2461;11.04.2016;51,87
3367;11.04.2016;35,28
3765;11.04.2016;75,21
3967;11.04.2016;146,58
4312;11.04.2016;56,38
4394;11.04.2016;59,58
4765;11.04.2016;37,03
4921;11.04.2016;163,75
5249;11.04.2016;41,97
5551;11.04.2016;40,78
5582;11.04.2016;130,15
5922;11.04.2016;37,12
6179;11.04.2016;94,84
6907;11.04.2016;43,76
7385;11.04.2016;119,35
7942;11.04.2016;34,67
8072;11.04.2016;91,99
8097;11.04.2016;154,21
9381;11.04.2016;86,96
9628;11.04.2016;56,53
9701;11.04.2016;95,71
9800;11.04.2016;179,79
9918;11.04.2016;80,31
10000;11.04.2016;57,92
608;12.04.2016;102,62
1103;12.04.2016;137,31
1594;12.04.2016;49,2
1598;12.04.2016;101,9
1744;12.04.2016;66,85
2034;12.04.2016;135,69
2127;12.04.2016;150,27
2649;12.04.2016;131,96
2851;12.04.2016;88,27
2915;12.04.2016;105,73
3346;12.04.2016;170,12
3757;12.04.2016;34,01
4142;12.04.2016;156,46
4392;12.04.2016;137,44
5372;12.04.2016;154,58
5806;12.04.2016;31,5
5833;12.04.2016;54,63
5923;12.04.2016;177,06
6236;12.04.2016;41,36
6568;12.04.2016;141,25
7390;12.04.2016;106,29
7704;12.04.2016;147,39
8272;12.04.2016;116,48
8451;12.04.2016;54,45
8904;12.04.2016;84,76
9680;12.04.2016;73,92
9710;12.04.2016;162,84
9842;12.04.2016;51,34
998;13.04.2016;149,3
1327;13.04.2016;128,5
2011;13.04.2016;38,92
2534;13.04.2016;60,83
2788;13.04.2016;110,8
3173;13.04.2016;107,99
3271;13.04.2016;156,9
3297;13.04.2016;42,23
3505;13.04.2016;166,85
3659;13.04.2016;61,52
4557;13.04.2016;34,25
4995;13.04.2016;154,01
5159;13.04.2016;74,36
5275;13.04.2016;37,5
5642;13.04.2016;121,28
5922;13.04.2016;180,37
6291;13.04.2016;153,22
8029;13.04.2016;175,38
9028;13.04.2016;109,84
9491;13.04.2016;55,32
1181;14.04.2016;170,7
1332;14.04.2016;159,97
1595;14.04.2016;53,22
1736;14.04.2016;42,45
2235;14.04.2016;85,67
2317;14.04.2016;111,04
2424;14.04.2016;179,08
2828;14.04.2016;110,32
2921;14.04.2016;113,46
3703;14.04.2016;82,78
3884;14.04.2016;100,75
4422;14.04.2016;175,31
4603;14.04.2016;42,39
5835;14.04.2016;39,77
6071;14.04.2016;129,13
7009;14.04.2016;166,93
7052;14.04.2016;103,54
7242;14.04.2016;108,27
7966;14.04.2016;166,07
8069;14.04.2016;164,44
8095;14.04.2016;112,69
8260;14.04.2016;66,57
8500;14.04.2016;35,62
9225;14.04.2016;96,01
9301;14.04.2016;165,67
9992;14.04.2016;169,74
842;15.04.2016;175,72
1850;15.04.2016;45,53
2687;15.04.2016;143,62
3029;15.04.2016;162,03
3146;15.04.2016;55,13
3395;15.04.2016;66,27
3849;15.04.2016;121,5
5004;15.04.2016;149,74
5910;15.04.2016;143,31
6327;15.04.2016;123,91
6523;15.04.2016;89,57
6583;15.04.2016;31,68
7614;15.04.2016;173,12
7822;15.04.2016;106,3
8464;15.04.2016;72,87
8663;15.04.2016;156,52
8816;15.04.2016;70,04
9242;15.04.2016;36,25
644;16.04.2016;157,18
873;16.04.2016;169,46
1136;16.04.2016;157,3
2298;16.04.2016;88,58
2400;16.04.2016;42,1
2522;16.04.2016;128,9
2564;16.04.2016;172,3
2712;16.04.2016;93,16
2852;16.04.2016;170,11
3455;16.04.2016;76,41
3819;16.04.2016;152,62
4231;16.04.2016;85,92
4416;16.04.2016;59,85
4838;16.04.2016;46,17
5066;16.04.2016;113,54
5537;16.04.2016;152,11
5581;16.04.2016;136,53
5691;16.04.2016;81,59
5753;16.04.2016;173,02
6152;16.04.2016;142,47
6194;16.04.2016;102,43
6817;16.04.2016;111,03
7143;16.04.2016;109,6
7960;16.04.2016;33,06
8515;16.04.2016;48,59
8588;16.04.2016;119,07
8887;16.04.2016;93,44
9541;16.04.2016;155,63
701;17.04.2016;58,12
973;17.04.2016;61,59
1736;17.04.2016;107,44
2786;17.04.2016;178,87
3233;17.04.2016;173,17
3714;17.04.2016;95,42
3820;17.04.2016;113,54
5458;17.04.2016;78,98
5953;17.04.2016;38,14
6225;17.04.2016;149,41
6731;17.04.2016;79,49
7541;17.04.2016;102,94
8473;17.04.2016;168,25
9223;17.04.2016;48,42
9275;17.04.2016;128,3
9520;17.04.2016;148,79
9624;17.04.2016;141,45
311;18.04.2016;60,4
1145;18.04.2016;127,24
1474;18.04.2016;143,1
1765;18.04.2016;127,06
2062;18.04.2016;80,84
2239;18.04.2016;126,74
2267;18.04.2016;115,29
2560;18.04.2016;75,54
2686;18.04.2016;139,2
3248;18.04.2016;167,12
3472;18.04.2016;141,03
3620;18.04.2016;172,17
3981;18.04.2016;144,47
4198;18.04.2016;158,18
4210;18.04.2016;67,91
4320;18.04.2016;46,31
4370;18.04.2016;180,42
5348;18.04.2016;122,39
5531;18.04.2016;144,53
5731;18.04.2016;134,77
5898;18.04.2016;113,59
6484;18.04.2016;151,49
7015;18.04.2016;56,82
7190;18.04.2016;161,29
8202;18.04.2016;86,73
8252;18.04.2016;180,64
9098;18.04.2016;127,11
9114;18.04.2016;65,24
9171;18.04.2016;126,77
9467;18.04.2016;137,63
579;19.04.2016;92,48
595;19.04.2016;109,6
1062;19.04.2016;169,48
2277;19.04.2016;160
2353;19.04.2016;86,62
2874;19.04.2016;83,89
3521;19.04.2016;138,94
3702;19.04.2016;134,67
4400;19.04.2016;156,01
5487;19.04.2016;92,77
6249;19.04.2016;164,6
6398;19.04.2016;105,02
8303;19.04.2016;36,2
8350;19.04.2016;117,94
8520;19.04.2016;33,69
9467;19.04.2016;84,15
